--CREATING TABLECREATE TABLE Students (    StudentId INT PRIMARY KEY,    Email VARCHAR(100) UNIQUE,    Age INT CHECK (Age >= 18),    CourseId INT);--INSERTING DATAINSERT INTO Students VALUES (1, 'rahul@gmail.com', 20, 101);INSERT INTO Students VALUES (2, 'neha@gmail.com', 22, 102);INSERT INTO Students VALUES (3, 'amit@gmail.com', 19, 101);INSERT INTO Students VALUES (4, 'amit1@gmail.com', 23, 101);--RETRIEVING DATA SELECT * FROM Students;--AGGREGATE FUNCTIONSSELECT COUNT(*) AS total_students FROM Students;SELECT AVG(Age) AS average_age FROM Students;--SCALAR FUNCTIONSSELECT ROUND(Avg(Age), 2) FROM Students;SELECT LEN(Email) AS lengthofemail FROM Students;--GROUP BYSELECT COUNT(StudentId) AS count_of_students, CourseId FROM StudentsGROUP BY CourseId;--TRANSACTIONSBEGIN TRANSACTION;UPDATE StudentsSET CourseId=103WHERE StudentId=3;ROLLBACK;COMMIT;SELECT * FROM Students;--SAVEPOINTSBEGIN TRANSACTION;UPDATE StudentsSET AGE=22WHERE StudentId=3;SAVE TRANSACTION S1;UPDATE StudentsSET AGE=23WHERE StudentId=1;ROLLBACK TRANSACTION S1;--USERDEFINED FUNCTIONSCREATE FUNCTION GETDisplay()RETURNS TABLEASRETURN(SELECT StudentId, Email, Age, CourseId FROM Students);SELECT * FROM GETDisplay();--USERDEFINED FUNCTIONS WITH PARAMETERSCREATE FUNCTION GETdisplaybyCourse(@CourseId INT)RETURNS TABLEASRETURN(SELECT StudentId, Email, Age FROM StudentsWHERE CourseId=@CourseId);SELECT * FROM GETdisplaybyCourse(102);--FOREIGN KEY CONSTRAINTCREATE TABLE University (    StudentId INT PRIMARY KEY,    Email VARCHAR(100) UNIQUE,    Age INT CHECK (Age >= 18),    CourseId INT,	CONSTRAINT FK_COURSES	FOREIGN KEY (CourseId)	REFERENCES Courses(CourseId));CREATE TABLE Courses(CourseId INT PRIMARY KEY,CourseName VARCHAR(60) NOT NULL UNIQUE,DurationMonths INT CHECK (DurationMonths > 0));INSERT INTO Courses VALUES (101, 'Wipro .net', 2);INSERT INTO Courses VALUES (102, 'Oracle SQL', 1);INSERT INTO Courses VALUES (103, 'DevOps', 3);SELECT * FROM Courses;SELECT * FROM University;INSERT INTO University VALUES (1, 'rahul@gmail.com', 20, 101);INSERT INTO University VALUES (2, 'neha@gmail.com', 22, 102);INSERT INTO University VALUES (3, 'amit@gmail.com', 19, 101);INSERT INTO University VALUES (4, 'arjun@gmail.com', 19, NULL);BEGIN TRANSACTION;UPDATE UniversitySET CourseId=103 WHERE StudentId=4;--CASCADE DELETEALTER TABLE UniversityDROP CONSTRAINT FK_CoursesALTER TABLE UniversityADD CONSTRAINT FK_CoursesFOREIGN KEY(COurseId)REFERENCES Courses(CourseId)ON DELETE CASCADE;DELETE FROM Courses WHERE CourseId=101;SELECT * FROM University;